actor_id,rol,apariciones,personaje_nombre,actor_nombre,generos,produccion,tipo_produccion
57aaf9ca-3f57-4797-99a1-4148dca7399f,secundario,40,Personaje 2 de Gerardo,Gerardo Reyero,"{'Animacion', 'Anime'}",independiente,
85584130-e628-48b1-9ee5-ca04b7959eae,secundario,40,Personaje 2 de Claudia,Claudia Garzon,"{'Animacion', 'Anime'}",independiente,
995738d7-36aa-4857-8e3b-c425e5a1a23c,secundario,40,Personaje 2 de Carlos,Carlos Segundo,"{'Animacion', 'Anime'}",independiente,
aa1cc0b3-97c7-4ff0-9356-d0bc4912e896,principal,20,Personaje 1 de Masako,Masako Nozawa,"{'Animacion', 'Anime'}",profesional,
44b1664e-13ca-4867-a038-807d3136d625,secundario,40,Personaje 2 de Hank,Hank Azaria,"{'Animacion', 'Anime'}",independiente,
814a074a-5948-426f-b660-2393b6ebabe3,principal,20,Personaje 1 de Mamoru,Mamoru Miyano,"{'Animacion', 'Anime'}",profesional,
4ac6154d-f987-4814-9917-1866aa70fd73,secundario,40,Personaje 2 de Nancy,Nancy Cartwright,"{'Animacion', 'Anime'}",independiente,
46aa9e85-06f3-4c10-b205-94db727dbbbf,secundario,40,Personaje 2 de Takashi,Takashi Kondo,"{'Animacion', 'Anime'}",independiente,
44b1664e-13ca-4867-a038-807d3136d625,principal,20,Personaje 1 de Hank,Hank Azaria,"{'Animacion', 'Anime'}",profesional,
85584130-e628-48b1-9ee5-ca04b7959eae,principal,20,Personaje 1 de Claudia,Claudia Garzon,"{'Animacion', 'Anime'}",profesional,
32618fd4-6944-4623-9e50-fcba7ca1df4d,secundario,40,Personaje 2 de Claudio,Claudio Serrano,"{'Animacion', 'Anime'}",independiente,
349187d0-dd62-4546-8bfd-11adc8ef0f6b,principal,20,Personaje 1 de Laura,Laura Torres,"{'Animacion', 'Anime'}",profesional,
99cba011-48d3-4a6a-9c6b-d825e8d31efe,secundario,40,Personaje 2 de Ryo,Ryo Horikawa,"{'Animacion', 'Anime'}",independiente,
8d99c2a2-110a-48fc-8a0a-26335b04117c,principal,20,Personaje 1 de Rene,Rene Garcia,"{'Animacion', 'Anime'}",profesional,
db89df99-0b52-4841-a1b5-4455cfc523a3,secundario,40,Personaje 2 de Loreto,Loreto Araya,"{'Animacion', 'Anime'}",independiente,
22672264-51fd-473f-9ccb-c3b2da9aaadc,principal,20,Personaje 1 de Dan,Dan Castellaneta,"{'Animacion', 'Anime'}",profesional,
52a9917b-0b2c-4db1-b3bc-c961bd0fbfcd,principal,120,Son Goku,Mario Castaneda,"{'Accion', 'Anime'}",profesional,
52a9917b-0b2c-4db1-b3bc-c961bd0fbfcd,principal,20,Personaje 1 de Mario,Mario Castaneda,"{'Animacion', 'Anime'}",profesional,
28e4233b-9833-4ffa-b73f-76cdad55e3af,principal,20,Personaje 1 de Gaston,Gaston Malaguti,"{'Animacion', 'Anime'}",profesional,
349187d0-dd62-4546-8bfd-11adc8ef0f6b,secundario,40,Personaje 2 de Laura,Laura Torres,"{'Animacion', 'Anime'}",independiente,
aa1cc0b3-97c7-4ff0-9356-d0bc4912e896,secundario,40,Personaje 2 de Masako,Masako Nozawa,"{'Animacion', 'Anime'}",independiente,
4ac6154d-f987-4814-9917-1866aa70fd73,principal,20,Personaje 1 de Nancy,Nancy Cartwright,"{'Animacion', 'Anime'}",profesional,
bb4459f1-fa8d-405b-b5e4-ad7ce697b780,secundario,40,Personaje 2 de Humberto,Humberto Velez,"{'Animacion', 'Anime'}",independiente,
99cba011-48d3-4a6a-9c6b-d825e8d31efe,principal,20,Personaje 1 de Ryo,Ryo Horikawa,"{'Animacion', 'Anime'}",profesional,
814a074a-5948-426f-b660-2393b6ebabe3,secundario,40,Personaje 2 de Mamoru,Mamoru Miyano,"{'Animacion', 'Anime'}",independiente,
716fb41b-30a2-4c7d-a9dd-60bd0a435eb4,secundario,40,Personaje 2 de Nuria,Nuria Mediavilla,"{'Animacion', 'Anime'}",independiente,
57aaf9ca-3f57-4797-99a1-4148dca7399f,principal,20,Personaje 1 de Gerardo,Gerardo Reyero,"{'Animacion', 'Anime'}",profesional,
716fb41b-30a2-4c7d-a9dd-60bd0a435eb4,principal,20,Personaje 1 de Nuria,Nuria Mediavilla,"{'Animacion', 'Anime'}",profesional,
3204fa6b-79f2-4c04-abda-682d7498a093,principal,20,Personaje 1 de Tara,Tara Strong,"{'Animacion', 'Anime'}",profesional,
bb4459f1-fa8d-405b-b5e4-ad7ce697b780,principal,20,Personaje 1 de Humberto,Humberto Velez,"{'Animacion', 'Anime'}",profesional,
32618fd4-6944-4623-9e50-fcba7ca1df4d,principal,20,Personaje 1 de Claudio,Claudio Serrano,"{'Animacion', 'Anime'}",profesional,
db89df99-0b52-4841-a1b5-4455cfc523a3,principal,20,Personaje 1 de Loreto,Loreto Araya,"{'Animacion', 'Anime'}",profesional,
671a79c5-679d-42df-bc63-73580733cc71,secundario,40,Personaje 2 de Cristina,Cristina Hernandez,"{'Animacion', 'Anime'}",independiente,
22672264-51fd-473f-9ccb-c3b2da9aaadc,secundario,40,Personaje 2 de Dan,Dan Castellaneta,"{'Animacion', 'Anime'}",independiente,
52a9917b-0b2c-4db1-b3bc-c961bd0fbfcd,secundario,45,Bardock,Mario Castaneda,"{'Accion', 'Anime'}",profesional,
52a9917b-0b2c-4db1-b3bc-c961bd0fbfcd,secundario,40,Personaje 2 de Mario,Mario Castaneda,"{'Animacion', 'Anime'}",independiente,
3204fa6b-79f2-4c04-abda-682d7498a093,secundario,40,Personaje 2 de Tara,Tara Strong,"{'Animacion', 'Anime'}",independiente,
46aa9e85-06f3-4c10-b205-94db727dbbbf,principal,20,Personaje 1 de Takashi,Takashi Kondo,"{'Animacion', 'Anime'}",profesional,
8d99c2a2-110a-48fc-8a0a-26335b04117c,secundario,40,Personaje 2 de Rene,Rene Garcia,"{'Animacion', 'Anime'}",independiente,
671a79c5-679d-42df-bc63-73580733cc71,principal,20,Personaje 1 de Cristina,Cristina Hernandez,"{'Animacion', 'Anime'}",profesional,
995738d7-36aa-4857-8e3b-c425e5a1a23c,principal,20,Personaje 1 de Carlos,Carlos Segundo,"{'Animacion', 'Anime'}",profesional,
28e4233b-9833-4ffa-b73f-76cdad55e3af,secundario,40,Personaje 2 de Gaston,Gaston Malaguti,"{'Animacion', 'Anime'}",independiente,
